what,kind,bundleId,bundleVersion,description,time
started,bundle,org.eclipse.jface,3.7.0.I20110522-1430,"org.eclipse.jface",1337613277363
started,bundle,org.eclipse.jsch.core,1.1.300.I20110514-0800,"org.eclipse.jsch.core",1337613277363
started,bundle,org.eclipse.jst.common.project.facet.core,1.4.200.v201103170302,"org.eclipse.jst.common.project.facet.core",1337613277363
started,bundle,org.eclipse.jst.j2ee,1.1.501.v201108231845,"org.eclipse.jst.j2ee",1337613277394
started,bundle,org.eclipse.jst.j2ee.core,1.2.101.v201108110300,"org.eclipse.jst.j2ee.core",1337613277394
started,bundle,org.eclipse.jst.j2ee.navigator.ui,1.1.501.v201107261503,"org.eclipse.jst.j2ee.navigator.ui",1337613277425
started,bundle,org.eclipse.jst.j2ee.ui,1.1.501.v201108231700,"org.eclipse.jst.j2ee.ui",1337613277456
started,bundle,org.eclipse.jst.j2ee.webservice,1.1.400.v201004110600,"org.eclipse.jst.j2ee.webservice",1337613277456
started,bundle,org.eclipse.jst.j2ee.webservice.ui,1.1.500.v201105122000,"org.eclipse.jst.j2ee.webservice.ui",1337613277456
started,bundle,org.eclipse.jst.jee.ui,1.0.400.v201105122000,"org.eclipse.jst.jee.ui",1337613277472
started,bundle,org.eclipse.jst.ws.jaxrs.core,1.0.301.v201108240656,"org.eclipse.jst.ws.jaxrs.core",1337613277472
started,bundle,org.eclipse.jst.ws.jaxws.utils,1.0.0.v201004171919,"org.eclipse.jst.ws.jaxws.utils",1337613277472
started,bundle,org.eclipse.mylyn.bugzilla.core,3.6.2.v20110903-0100,"org.eclipse.mylyn.bugzilla.core",1337613277472
started,bundle,org.eclipse.mylyn.bugzilla.ui,3.6.0.v20110608-1400,"org.eclipse.mylyn.bugzilla.ui",1337613277487
started,bundle,org.eclipse.mylyn.commons.identity,0.8.0.v20110608-1400,"org.eclipse.mylyn.commons.identity",1337613277503
started,bundle,org.eclipse.mylyn.commons.net,3.6.0.v20110608-1400,"org.eclipse.mylyn.commons.net",1337613277503
started,bundle,org.eclipse.mylyn.commons.ui,3.6.1.v20110720-0100,"org.eclipse.mylyn.commons.ui",1337613277503
started,bundle,org.eclipse.mylyn.context.core,3.6.1.v20110720-0100,"org.eclipse.mylyn.context.core",1337613277503
started,bundle,org.eclipse.mylyn.context.ui,3.6.0.v20110608-1400,"org.eclipse.mylyn.context.ui",1337613277549
started,bundle,org.eclipse.mylyn.monitor.ui,3.6.0.v20110608-1400,"org.eclipse.mylyn.monitor.ui",1337613277549
started,bundle,org.eclipse.mylyn.tasks.ui,3.6.2.v20110826-0100,"org.eclipse.mylyn.tasks.ui",1337613277596
started,bundle,org.eclipse.mylyn.team.ui,3.6.1.v20110825-0100,"org.eclipse.mylyn.team.ui",1337613277596
started,bundle,org.eclipse.search,3.7.0.v20110505-0800,"org.eclipse.search",1337613277596
started,bundle,org.eclipse.team.core,3.6.0.I20110525-0800,"org.eclipse.team.core",1337613277596
started,bundle,org.eclipse.team.cvs.core,3.3.400.I20110510-0800,"org.eclipse.team.cvs.core",1337613277612
started,bundle,org.eclipse.team.cvs.ui,3.3.400.I20110510-0800,"org.eclipse.team.cvs.ui",1337613277674
started,bundle,org.eclipse.team.ui,3.6.100.I20110525-0800,"org.eclipse.team.ui",1337613277674
started,bundle,org.eclipse.ui,3.7.0.I20110602-0100,"org.eclipse.ui",1337613277674
started,bundle,org.eclipse.ui.console,3.5.100.v20110511,"org.eclipse.ui.console",1337613277674
started,bundle,org.eclipse.ui.editors,3.7.0.v20110517-0800,"org.eclipse.ui.editors",1337613277674
started,bundle,org.eclipse.ui.forms,3.5.100.v20110425,"org.eclipse.ui.forms",1337613277674
started,bundle,org.eclipse.ui.ide,3.7.0.v20110809-1737,"org.eclipse.ui.ide",1337613277799
started,bundle,org.eclipse.ui.navigator,3.5.100.v20110809-2227,"org.eclipse.ui.navigator",1337613277799
started,bundle,org.eclipse.ui.navigator.resources,3.4.300.I20110421-1800,"org.eclipse.ui.navigator.resources",1337613277799
started,bundle,org.eclipse.ui.net,1.2.100.I20110511-0800,"org.eclipse.ui.net",1337613277799
started,bundle,org.eclipse.ui.views,3.6.0.I20110412-0800,"org.eclipse.ui.views",1337613277799
started,bundle,org.eclipse.ui.workbench,3.7.0.I20110519-0100,"org.eclipse.ui.workbench",1337613277799
started,bundle,org.eclipse.ui.workbench.texteditor,3.7.0.v20110505-0800,"org.eclipse.ui.workbench.texteditor",1337613277799
started,bundle,org.eclipse.update.scheduler,3.2.300.v20100512,"org.eclipse.update.scheduler",1337613277799
started,bundle,org.eclipse.wst.common.core,1.2.0.v200908252030,"org.eclipse.wst.common.core",1337613277799
started,bundle,org.eclipse.wst.common.emf,1.2.100.v201101101900,"org.eclipse.wst.common.emf",1337613277799
started,bundle,org.eclipse.wst.common.emfworkbench.integration,1.2.101.v201107140600,"org.eclipse.wst.common.emfworkbench.integration",1337613277799
started,bundle,org.eclipse.wst.common.frameworks,1.2.101.v201107192200,"org.eclipse.wst.common.frameworks",1337613277814
started,bundle,org.eclipse.wst.common.frameworks.ui,1.2.100.v201105122000,"org.eclipse.wst.common.frameworks.ui",1337613277814
started,bundle,org.eclipse.wst.common.modulecore,1.2.101.v201108231700,"org.eclipse.wst.common.modulecore",1337613277814
started,bundle,org.eclipse.wst.common.project.facet.core,1.4.200.v201103170332,"org.eclipse.wst.common.project.facet.core",1337613277814
started,bundle,org.eclipse.wst.validation,1.2.302.v201107140600,"org.eclipse.wst.validation",1337613277814
started,bundle,org.eclipse.wst.web,1.1.500.v201104251400,"org.eclipse.wst.web",1337613277814
started,bundle,org.eclipse.wst.xml.core,1.1.601.v201108302147,"org.eclipse.wst.xml.core",1337613277814
os,sysinfo,,,"win32",1337613277814
arch,sysinfo,,,"x86",1337613277814
ws,sysinfo,,,"win32",1337613277814
locale,sysinfo,,,"en_US",1337613277814
processors,sysinfo,,,"4",1337613277814
java.runtime.name,sysinfo,,,"Java(TM) SE Runtime Environment",1337613277814
java.runtime.version,sysinfo,,,"1.7.0_03-b05",1337613277814
java.specification.name,sysinfo,,,"Java Platform API Specification",1337613277814
java.specification.vendor,sysinfo,,,"Oracle Corporation",1337613277814
java.specification.version,sysinfo,,,"1.7",1337613277814
java.vendor,sysinfo,,,"Oracle Corporation",1337613277814
java.version,sysinfo,,,"1.7.0_03",1337613277814
java.vm.info,sysinfo,,,"mixed mode, sharing",1337613277814
java.vm.name,sysinfo,,,"Java HotSpot(TM) Client VM",1337613277814
java.vm.specification.name,sysinfo,,,"Java Virtual Machine Specification",1337613277814
java.vm.specification.vendor,sysinfo,,,"Oracle Corporation",1337613277814
java.vm.specification.version,sysinfo,,,"1.7",1337613277814
java.vm.vendor,sysinfo,,,"Oracle Corporation",1337613277814
java.vm.version,sysinfo,,,"22.1-b02",1337613277814
started,bundle,org.eclipse.update.configurator,3.3.100.v20100512,"org.eclipse.update.configurator",1337613278609
started,bundle,org.eclipse.update.core,3.2.500.v20110330,"org.eclipse.update.core",1337613278671
started,bundle,org.eclipse.jst.ws.jaxws.dom.integration,1.0.100.v201101252155,"org.eclipse.jst.ws.jaxws.dom.integration",1337613362324
started,bundle,org.eclipse.jst.ws.jaxws.dom.ui,1.0.0.v201004171919,"org.eclipse.jst.ws.jaxws.dom.ui",1337613362340
started,bundle,org.eclipse.jst.servlet.ui,1.1.501.v201108220630,"org.eclipse.jst.servlet.ui",1337613362386
started,bundle,org.eclipse.ltk.core.refactoring,3.5.201.r371_v20110824-0800,"org.eclipse.ltk.core.refactoring",1337613364772
started,bundle,org.eclipse.ltk.ui.refactoring,3.6.0.v20110505-0800,"org.eclipse.ltk.ui.refactoring",1337613366721
started,bundle,org.eclipse.compare.core,3.5.200.I20110208-0800,"org.eclipse.compare.core",1337613366799
opened,editor,org.eclipse.jdt.ui,3.7.1.r371_v20110824-0800,"org.eclipse.jdt.ui.CompilationUnitEditor",1337613366939
activated,editor,org.eclipse.jdt.ui,3.7.1.r371_v20110824-0800,"org.eclipse.jdt.ui.CompilationUnitEditor",1337613367033
started,bundle,org.eclipse.jdt.apt.core,3.3.500.v20110420-1015,"org.eclipse.jdt.apt.core",1337613367547
started,bundle,org.eclipse.jdt.apt.pluggable.core,1.0.400.v20110305-1450,"org.eclipse.jdt.apt.pluggable.core",1337613367547
started,bundle,org.eclipse.core.variables,3.2.500.v20110511,"org.eclipse.core.variables",1337613367579
activated,view,org.eclipse.ui.navigator.resources,3.4.300.I20110421-1800,"org.eclipse.ui.navigator.ProjectExplorer",1337613367781
opened,editor,org.eclipse.jdt.ui,3.7.1.r371_v20110824-0800,"org.eclipse.jdt.ui.CompilationUnitEditor",1337613367953
activated,editor,org.eclipse.jdt.ui,3.7.1.r371_v20110824-0800,"org.eclipse.jdt.ui.CompilationUnitEditor",1337613368015
started,bundle,org.eclipse.jdt.junit,3.7.0.v20110505-0800,"org.eclipse.jdt.junit",1337613368062
activated,view,org.eclipse.ui.navigator.resources,3.4.300.I20110421-1800,"org.eclipse.ui.navigator.ProjectExplorer",1337613368514
opened,editor,org.eclipse.jdt.ui,3.7.1.r371_v20110824-0800,"org.eclipse.jdt.ui.CompilationUnitEditor",1337613368701
activated,editor,org.eclipse.jdt.ui,3.7.1.r371_v20110824-0800,"org.eclipse.jdt.ui.CompilationUnitEditor",1337613368748
started,bundle,org.eclipse.pde.launching,3.6.0.v20110506,"org.eclipse.pde.launching",1337613369231
started,bundle,org.eclipse.ui.views.log,1.0.200.v20110404,"org.eclipse.ui.views.log",1337613369231
started,bundle,org.eclipse.pde.ui,3.6.100.v20110603,"org.eclipse.pde.ui",1337613369231
started,bundle,org.eclipse.mylyn.ide.ui,3.6.0.v20110608-1400,"org.eclipse.mylyn.ide.ui",1337613379585
started,bundle,org.eclipse.jpt.jaxb.ui,1.1.1.v201108080010,"org.eclipse.jpt.jaxb.ui",1337613379600
started,bundle,org.eclipse.jpt.jpa.ui,3.0.1.v201108080010,"org.eclipse.jpt.jpa.ui",1337613379616
started,bundle,org.eclipse.jpt.common.core,1.0.1.v201108080010,"org.eclipse.jpt.common.core",1337613379632
started,bundle,org.eclipse.jpt.jpa.core,3.0.1.v201109073010,"org.eclipse.jpt.jpa.core",1337613379632
started,bundle,org.eclipse.jst.ws.jaxws.ui,1.0.100.v201104032053,"org.eclipse.jst.ws.jaxws.ui",1337613379647
started,bundle,org.eclipse.mylyn.java.ui,3.6.0.v20110608-1400,"org.eclipse.mylyn.java.ui",1337613379647
started,bundle,org.eclipse.pde.api.tools,1.0.301.v20110728_r371,"org.eclipse.pde.api.tools",1337613379694
started,bundle,org.eclipse.pde.api.tools.ui,1.0.301.v20110803_r371,"org.eclipse.pde.api.tools.ui",1337613379694
started,bundle,org.eclipse.jpt.jaxb.core,1.0.1.v201108080010,"org.eclipse.jpt.jaxb.core",1337613380037
executed,command,org.eclipse.ui,3.7.0.I20110602-0100,"org.eclipse.ui.edit.text.contentAssist.proposals",1337613380177
executed,command,org.eclipse.ui,3.7.0.I20110602-0100,"org.eclipse.ui.edit.text.contentAssist.proposals",1337613387365
activated,view,org.eclipse.ui.navigator.resources,3.4.300.I20110421-1800,"org.eclipse.ui.navigator.ProjectExplorer",1337613403145
started,bundle,org.eclipse.mylyn.resources.ui,3.6.0.v20110608-1400,"org.eclipse.mylyn.resources.ui",1337613408540
opened,editor,org.eclipse.jdt.ui,3.7.1.r371_v20110824-0800,"org.eclipse.jdt.ui.CompilationUnitEditor",1337613408633
activated,editor,org.eclipse.jdt.ui,3.7.1.r371_v20110824-0800,"org.eclipse.jdt.ui.CompilationUnitEditor",1337613408665
activated,editor,org.eclipse.jdt.ui,3.7.1.r371_v20110824-0800,"org.eclipse.jdt.ui.CompilationUnitEditor",1337613417973
activated,editor,org.eclipse.jdt.ui,3.7.1.r371_v20110824-0800,"org.eclipse.jdt.ui.CompilationUnitEditor",1337613443716
executed,command,org.eclipse.ui,3.7.0.I20110602-0100,"org.eclipse.ui.edit.copy",1337613451263
activated,editor,org.eclipse.jdt.ui,3.7.1.r371_v20110824-0800,"org.eclipse.jdt.ui.CompilationUnitEditor",1337613452807
started,bundle,org.eclipse.jst.ws.annotations.core,1.1.0.v201104031139,"org.eclipse.jst.ws.annotations.core",1337613456970
executed,command,org.eclipse.ui,3.7.0.I20110602-0100,"org.eclipse.ui.edit.text.contentAssist.proposals",1337613457219
executed,command,org.eclipse.ui,3.7.0.I20110602-0100,"org.eclipse.ui.edit.paste",1337613461086
activated,editor,org.eclipse.jdt.ui,3.7.1.r371_v20110824-0800,"org.eclipse.jdt.ui.CompilationUnitEditor",1337613464875
activated,editor,org.eclipse.jdt.ui,3.7.1.r371_v20110824-0800,"org.eclipse.jdt.ui.CompilationUnitEditor",1337613468820
activated,editor,org.eclipse.jdt.ui,3.7.1.r371_v20110824-0800,"org.eclipse.jdt.ui.CompilationUnitEditor",1337613477677
activated,editor,org.eclipse.jdt.ui,3.7.1.r371_v20110824-0800,"org.eclipse.jdt.ui.CompilationUnitEditor",1337613480670
executed,command,org.eclipse.ui.workbench.texteditor,3.7.0.v20110505-0800,"org.eclipse.ui.edit.text.goto.lineEnd",1337613500348
executed,command,org.eclipse.ui.workbench.texteditor,3.7.0.v20110505-0800,"org.eclipse.ui.edit.text.goto.lineEnd",1337613502874
executed,command,org.eclipse.ui,3.7.0.I20110602-0100,"org.eclipse.ui.file.save",1337613506257
activated,editor,org.eclipse.jdt.ui,3.7.1.r371_v20110824-0800,"org.eclipse.jdt.ui.CompilationUnitEditor",1337613508378
activated,editor,org.eclipse.jdt.ui,3.7.1.r371_v20110824-0800,"org.eclipse.jdt.ui.CompilationUnitEditor",1337613512073
executed,command,org.eclipse.ui,3.7.0.I20110602-0100,"org.eclipse.ui.edit.text.contentAssist.proposals",1337613515504
executed,command,org.eclipse.ui,3.7.0.I20110602-0100,"org.eclipse.ui.file.save",1337613527525
executed,command,org.eclipse.ui,3.7.0.I20110602-0100,"org.eclipse.ui.edit.text.contentAssist.proposals",1337613534339
executed,command,org.eclipse.ui,3.7.0.I20110602-0100,"org.eclipse.ui.file.save",1337613537380
executed,command,org.eclipse.ui.workbench.texteditor,3.7.0.v20110505-0800,"org.eclipse.ui.edit.text.goto.lineStart",1337613539329
executed,command,org.eclipse.ui.workbench.texteditor,3.7.0.v20110505-0800,"org.eclipse.ui.edit.text.goto.lineStart",1337613541449
executed,command,org.eclipse.ui.workbench.texteditor,3.7.0.v20110505-0800,"org.eclipse.ui.edit.text.select.lineEnd",1337613542837
executed,command,org.eclipse.ui,3.7.0.I20110602-0100,"org.eclipse.ui.edit.delete",1337613543913
executed,command,org.eclipse.ui,3.7.0.I20110602-0100,"org.eclipse.ui.file.save",1337613545426
activated,editor,org.eclipse.jdt.ui,3.7.1.r371_v20110824-0800,"org.eclipse.jdt.ui.CompilationUnitEditor",1337613547858
activated,editor,org.eclipse.jdt.ui,3.7.1.r371_v20110824-0800,"org.eclipse.jdt.ui.CompilationUnitEditor",1337613559802
executed,command,org.eclipse.ui,3.7.0.I20110602-0100,"org.eclipse.ui.file.save",1337613568409
executed,command,org.eclipse.ui.workbench.texteditor,3.7.0.v20110505-0800,"org.eclipse.ui.edit.text.goto.lineEnd",1337613590877
executed,command,org.eclipse.ui,3.7.0.I20110602-0100,"org.eclipse.ui.file.save",1337613603915
executed,command,org.eclipse.ui.workbench.texteditor,3.7.0.v20110505-0800,"org.eclipse.ui.edit.text.goto.lineStart",1337613605490
executed,command,org.eclipse.ui,3.7.0.I20110602-0100,"org.eclipse.ui.file.save",1337613612696
executed,command,org.eclipse.ui,3.7.0.I20110602-0100,"org.eclipse.ui.file.save",1337613625283
activated,editor,org.eclipse.jdt.ui,3.7.1.r371_v20110824-0800,"org.eclipse.jdt.ui.CompilationUnitEditor",1337613632879
activated,editor,org.eclipse.jdt.ui,3.7.1.r371_v20110824-0800,"org.eclipse.jdt.ui.CompilationUnitEditor",1337613636919
executed,command,org.eclipse.ui.workbench.texteditor,3.7.0.v20110505-0800,"org.eclipse.ui.edit.text.goto.lineEnd",1337613650801
executed,command,org.eclipse.ui,3.7.0.I20110602-0100,"org.eclipse.ui.file.save",1337613671529
executed,command,org.eclipse.ui,3.7.0.I20110602-0100,"org.eclipse.ui.edit.text.contentAssist.proposals",1337613690059
executed,command,org.eclipse.ui,3.7.0.I20110602-0100,"org.eclipse.ui.file.save",1337613696360
activated,editor,org.eclipse.jdt.ui,3.7.1.r371_v20110824-0800,"org.eclipse.jdt.ui.CompilationUnitEditor",1337613711162
activated,editor,org.eclipse.jdt.ui,3.7.1.r371_v20110824-0800,"org.eclipse.jdt.ui.CompilationUnitEditor",1337613714500
executed,command,org.eclipse.ui,3.7.0.I20110602-0100,"org.eclipse.ui.edit.text.contentAssist.proposals",1337613719475
executed,command,org.eclipse.ui,3.7.0.I20110602-0100,"org.eclipse.ui.edit.text.contentAssist.proposals",1337613721706
executed,command,org.eclipse.ui,3.7.0.I20110602-0100,"org.eclipse.ui.file.save",1337613724295
deactivated,workbench,org.eclipse.ui.workbench,3.7.0.I20110519-0100,"",1337613753821
deactivated,workbench,org.eclipse.ui.workbench,3.7.0.I20110519-0100,"",1337613755708
activated,workbench,org.eclipse.ui.workbench,3.7.0.I20110519-0100,"",1337613760606
deactivated,workbench,org.eclipse.ui.workbench,3.7.0.I20110519-0100,"",1337613767733
activated,workbench,org.eclipse.ui.workbench,3.7.0.I20110519-0100,"",1337613771992
deactivated,workbench,org.eclipse.ui.workbench,3.7.0.I20110519-0100,"",1337613772725
activated,workbench,org.eclipse.ui.workbench,3.7.0.I20110519-0100,"",1337617457104
activated,view,org.eclipse.ui.navigator.resources,3.4.300.I20110421-1800,"org.eclipse.ui.navigator.ProjectExplorer",1337617458368
opened,editor,org.eclipse.jdt.ui,3.7.1.r371_v20110824-0800,"org.eclipse.jdt.ui.CompilationUnitEditor",1337617458570
activated,editor,org.eclipse.jdt.ui,3.7.1.r371_v20110824-0800,"org.eclipse.jdt.ui.CompilationUnitEditor",1337617458602
deactivated,workbench,org.eclipse.ui.workbench,3.7.0.I20110519-0100,"",1337617485901
activated,workbench,org.eclipse.ui.workbench,3.7.0.I20110519-0100,"",1337617505790
deactivated,workbench,org.eclipse.ui.workbench,3.7.0.I20110519-0100,"",1337617510564
activated,workbench,org.eclipse.ui.workbench,3.7.0.I20110519-0100,"",1337617610094
deactivated,workbench,org.eclipse.ui.workbench,3.7.0.I20110519-0100,"",1337617611935
activated,workbench,org.eclipse.ui.workbench,3.7.0.I20110519-0100,"",1337618572839
activated,editor,org.eclipse.jdt.ui,3.7.1.r371_v20110824-0800,"org.eclipse.jdt.ui.CompilationUnitEditor",1337618576100
activated,editor,org.eclipse.jdt.ui,3.7.1.r371_v20110824-0800,"org.eclipse.jdt.ui.CompilationUnitEditor",1337618577036
closed,editor,org.eclipse.jdt.ui,3.7.1.r371_v20110824-0800,"org.eclipse.jdt.ui.CompilationUnitEditor",1337618577036
closed,editor,org.eclipse.jdt.ui,3.7.1.r371_v20110824-0800,"org.eclipse.jdt.ui.CompilationUnitEditor",1337618577972
deactivated,workbench,org.eclipse.ui.workbench,3.7.0.I20110519-0100,"",1337618579329
activated,workbench,org.eclipse.ui.workbench,3.7.0.I20110519-0100,"",1337618581747
deactivated,workbench,org.eclipse.ui.workbench,3.7.0.I20110519-0100,"",1337618584071
activated,workbench,org.eclipse.ui.workbench,3.7.0.I20110519-0100,"",1337618586006
deactivated,workbench,org.eclipse.ui.workbench,3.7.0.I20110519-0100,"",1337618589859
activated,workbench,org.eclipse.ui.workbench,3.7.0.I20110519-0100,"",1337618593072
closed,editor,org.eclipse.jdt.ui,3.7.1.r371_v20110824-0800,"org.eclipse.jdt.ui.CompilationUnitEditor",1337618593088
closed,editor,org.eclipse.jdt.ui,3.7.1.r371_v20110824-0800,"org.eclipse.jdt.ui.CompilationUnitEditor",1337618604726
activated,view,org.eclipse.ui.navigator.resources,3.4.300.I20110421-1800,"org.eclipse.ui.navigator.ProjectExplorer",1337618606130
closed,editor,org.eclipse.jdt.ui,3.7.1.r371_v20110824-0800,"org.eclipse.jdt.ui.CompilationUnitEditor",1337618606130
opened,editor,org.eclipse.jdt.ui,3.7.1.r371_v20110824-0800,"org.eclipse.jdt.ui.CompilationUnitEditor",1337618616675
activated,editor,org.eclipse.jdt.ui,3.7.1.r371_v20110824-0800,"org.eclipse.jdt.ui.CompilationUnitEditor",1337618616706
activated,view,org.eclipse.ui.navigator.resources,3.4.300.I20110421-1800,"org.eclipse.ui.navigator.ProjectExplorer",1337618617689
opened,editor,org.eclipse.jdt.ui,3.7.1.r371_v20110824-0800,"org.eclipse.jdt.ui.CompilationUnitEditor",1337618617892
activated,editor,org.eclipse.jdt.ui,3.7.1.r371_v20110824-0800,"org.eclipse.jdt.ui.CompilationUnitEditor",1337618617923
activated,view,org.eclipse.ui.navigator.resources,3.4.300.I20110421-1800,"org.eclipse.ui.navigator.ProjectExplorer",1337618618438
opened,editor,org.eclipse.jdt.ui,3.7.1.r371_v20110824-0800,"org.eclipse.jdt.ui.CompilationUnitEditor",1337618618656
activated,editor,org.eclipse.jdt.ui,3.7.1.r371_v20110824-0800,"org.eclipse.jdt.ui.CompilationUnitEditor",1337618618688
activated,view,org.eclipse.ui.navigator.resources,3.4.300.I20110421-1800,"org.eclipse.ui.navigator.ProjectExplorer",1337618619187
opened,editor,org.eclipse.jdt.ui,3.7.1.r371_v20110824-0800,"org.eclipse.jdt.ui.CompilationUnitEditor",1337618619374
activated,editor,org.eclipse.jdt.ui,3.7.1.r371_v20110824-0800,"org.eclipse.jdt.ui.CompilationUnitEditor",1337618619405
activated,view,org.eclipse.ui.navigator.resources,3.4.300.I20110421-1800,"org.eclipse.ui.navigator.ProjectExplorer",1337618619920
opened,editor,org.eclipse.jdt.ui,3.7.1.r371_v20110824-0800,"org.eclipse.jdt.ui.CompilationUnitEditor",1337618620138
activated,editor,org.eclipse.jdt.ui,3.7.1.r371_v20110824-0800,"org.eclipse.jdt.ui.CompilationUnitEditor",1337618620170
activated,view,org.eclipse.ui.navigator.resources,3.4.300.I20110421-1800,"org.eclipse.ui.navigator.ProjectExplorer",1337618620996
opened,editor,org.eclipse.jdt.ui,3.7.1.r371_v20110824-0800,"org.eclipse.jdt.ui.CompilationUnitEditor",1337618621184
activated,editor,org.eclipse.jdt.ui,3.7.1.r371_v20110824-0800,"org.eclipse.jdt.ui.CompilationUnitEditor",1337618621246
activated,view,org.eclipse.ui.navigator.resources,3.4.300.I20110421-1800,"org.eclipse.ui.navigator.ProjectExplorer",1337618632915
activated,editor,org.eclipse.jdt.ui,3.7.1.r371_v20110824-0800,"org.eclipse.jdt.ui.CompilationUnitEditor",1337618639077
activated,editor,org.eclipse.jdt.ui,3.7.1.r371_v20110824-0800,"org.eclipse.jdt.ui.CompilationUnitEditor",1337618652727
deactivated,workbench,org.eclipse.ui.workbench,3.7.0.I20110519-0100,"",1337618659981
activated,workbench,org.eclipse.ui.workbench,3.7.0.I20110519-0100,"",1337618661572
deactivated,workbench,org.eclipse.ui.workbench,3.7.0.I20110519-0100,"",1337618673724
activated,workbench,org.eclipse.ui.workbench,3.7.0.I20110519-0100,"",1337618701726
deactivated,workbench,org.eclipse.ui.workbench,3.7.0.I20110519-0100,"",1337618704519
activated,workbench,org.eclipse.ui.workbench,3.7.0.I20110519-0100,"",1337619768524
deactivated,workbench,org.eclipse.ui.workbench,3.7.0.I20110519-0100,"",1337619770474
started,bundle,org.eclipse.mylyn.java.tasks,3.6.0.v20110608-1400,"org.eclipse.mylyn.java.tasks",1337619773921
activated,workbench,org.eclipse.ui.workbench,3.7.0.I20110519-0100,"",1337619776386
activated,editor,org.eclipse.jdt.ui,3.7.1.r371_v20110824-0800,"org.eclipse.jdt.ui.CompilationUnitEditor",1337619776511
activated,editor,org.eclipse.jdt.ui,3.7.1.r371_v20110824-0800,"org.eclipse.jdt.ui.CompilationUnitEditor",1337619826275
activated,editor,org.eclipse.jdt.ui,3.7.1.r371_v20110824-0800,"org.eclipse.jdt.ui.CompilationUnitEditor",1337619869955
activated,editor,org.eclipse.jdt.ui,3.7.1.r371_v20110824-0800,"org.eclipse.jdt.ui.CompilationUnitEditor",1337619873168
activated,editor,org.eclipse.jdt.ui,3.7.1.r371_v20110824-0800,"org.eclipse.jdt.ui.CompilationUnitEditor",1337619876663
activated,editor,org.eclipse.jdt.ui,3.7.1.r371_v20110824-0800,"org.eclipse.jdt.ui.CompilationUnitEditor",1337619926396
activated,editor,org.eclipse.jdt.ui,3.7.1.r371_v20110824-0800,"org.eclipse.jdt.ui.CompilationUnitEditor",1337619932152
activated,editor,org.eclipse.jdt.ui,3.7.1.r371_v20110824-0800,"org.eclipse.jdt.ui.CompilationUnitEditor",1337620080836
activated,editor,org.eclipse.jdt.ui,3.7.1.r371_v20110824-0800,"org.eclipse.jdt.ui.CompilationUnitEditor",1337620101209
deactivated,workbench,org.eclipse.ui.workbench,3.7.0.I20110519-0100,"",1337620251047
activated,workbench,org.eclipse.ui.workbench,3.7.0.I20110519-0100,"",1337620288488
started,bundle,org.eclipse.debug.ui,3.7.101.v20110817_r371,"org.eclipse.debug.ui",1337620303089
started,bundle,org.eclipse.wst.server.core,1.1.303.v20110816_1717,"org.eclipse.wst.server.core",1337620303417
started,bundle,org.eclipse.wst.server.ui,1.1.306.v20110823_1704,"org.eclipse.wst.server.ui",1337620303417
started,bundle,org.eclipse.jdt.debug,3.7.1.v20110802_r371,"org.eclipse.jdt.debug",1337620303479
started,bundle,org.eclipse.jdt.debug.ui,3.6.1.v20110803_r371,"org.eclipse.jdt.debug.ui",1337620303495
deactivated,workbench,org.eclipse.ui.workbench,3.7.0.I20110519-0100,"",1337620304212
activated,workbench,org.eclipse.ui.workbench,3.7.0.I20110519-0100,"",1337620318175
activated,view,org.eclipse.ui.navigator.resources,3.4.300.I20110421-1800,"org.eclipse.ui.navigator.ProjectExplorer",1337620324945
opened,editor,org.eclipse.jdt.ui,3.7.1.r371_v20110824-0800,"org.eclipse.jdt.ui.CompilationUnitEditor",1337620325226
activated,editor,org.eclipse.jdt.ui,3.7.1.r371_v20110824-0800,"org.eclipse.jdt.ui.CompilationUnitEditor",1337620325273
executed,command,org.eclipse.ui,3.7.0.I20110602-0100,"org.eclipse.ui.file.save",1337620350716
executed,command,org.eclipse.ui.workbench.texteditor,3.7.0.v20110505-0800,"org.eclipse.ui.edit.text.select.lineEnd",1337620363555
executed,command,org.eclipse.ui,3.7.0.I20110602-0100,"org.eclipse.ui.edit.cut",1337620365396
executed,command,org.eclipse.ui,3.7.0.I20110602-0100,"org.eclipse.ui.edit.delete",1337620367611
executed,command,org.eclipse.ui,3.7.0.I20110602-0100,"org.eclipse.ui.edit.delete",1337620368220
executed,command,org.eclipse.ui,3.7.0.I20110602-0100,"org.eclipse.ui.edit.delete",1337620368656
executed,command,org.eclipse.ui.workbench.texteditor,3.7.0.v20110505-0800,"org.eclipse.ui.edit.text.goto.lineEnd",1337620370856
executed,command,org.eclipse.ui,3.7.0.I20110602-0100,"org.eclipse.ui.edit.paste",1337620373820
executed,command,org.eclipse.ui,3.7.0.I20110602-0100,"org.eclipse.ui.file.save",1337620375926
deactivated,workbench,org.eclipse.ui.workbench,3.7.0.I20110519-0100,"",1337620397735
activated,workbench,org.eclipse.ui.workbench,3.7.0.I20110519-0100,"",1337620399139
activated,editor,org.eclipse.jdt.ui,3.7.1.r371_v20110824-0800,"org.eclipse.jdt.ui.CompilationUnitEditor",1337620424957
closed,editor,org.eclipse.jdt.ui,3.7.1.r371_v20110824-0800,"org.eclipse.jdt.ui.CompilationUnitEditor",1337620424957
activated,editor,org.eclipse.jdt.ui,3.7.1.r371_v20110824-0800,"org.eclipse.jdt.ui.CompilationUnitEditor",1337620431462
activated,editor,org.eclipse.jdt.ui,3.7.1.r371_v20110824-0800,"org.eclipse.jdt.ui.CompilationUnitEditor",1337620466001
activated,editor,org.eclipse.jdt.ui,3.7.1.r371_v20110824-0800,"org.eclipse.jdt.ui.CompilationUnitEditor",1337620473411
activated,editor,org.eclipse.jdt.ui,3.7.1.r371_v20110824-0800,"org.eclipse.jdt.ui.CompilationUnitEditor",1337620525983
activated,editor,org.eclipse.jdt.ui,3.7.1.r371_v20110824-0800,"org.eclipse.jdt.ui.CompilationUnitEditor",1337620533112
activated,editor,org.eclipse.jdt.ui,3.7.1.r371_v20110824-0800,"org.eclipse.jdt.ui.CompilationUnitEditor",1337620583766
